{
    "./benchmark/config_comunica_follow_all.json": {
        "?t>\"2022-08-07T08:37:12.000Z\"^^xsd:dateTime": {
            "number_result": {
                "avg": 29,
                "var": 0,
                "min": 29,
                "max": 29
            },
            "time_exec_last_result": {
                "avg": 1630.5108370035887,
                "var": 48143.860697874225,
                "min": 1411.0937440097332,
                "max": 1849.9279299974442
            },
            "number_request": {
                "avg": 1343.5,
                "var": 2652.25,
                "min": 1292,
                "max": 1395
            }
        }
    }
}