{
    "./benchmark/config_comunica_follow_tree.json": {
        "?t>\"2022-08-07T08:37:12.000Z\"^^xsd:dateTime": {
            "number_result": {
                "avg": 29,
                "var": 0,
                "min": 29,
                "max": 29
            },
            "time_exec_last_result": {
                "avg": 1258.4949339926243,
                "var": 19055.123045024542,
                "min": 1120.4546389877796,
                "max": 1396.535228997469
            },
            "number_request": {
                "avg": 267,
                "var": 0,
                "min": 267,
                "max": 267
            }
        }
    }
}