{
    "./benchmark/config_comunica_follow_tree_solver.json": {
        "?t>\"2022-08-07T08:37:12.000Z\"^^xsd:dateTime": {
            "number_result": {
                "avg": 29,
                "var": 0,
                "min": 29,
                "max": 29
            },
            "time_exec_last_result": {
                "avg": 206.92805249243975,
                "var": 1292.116749118063,
                "min": 170.98202699422836,
                "max": 242.87407799065113
            },
            "number_request": {
                "avg": 20,
                "var": 0,
                "min": 20,
                "max": 20
            }
        }
    }
}